{
    "value0": {
        "pulsation": 1.0379999876022339,
        "dampingRatio": 0.33000001311302187
    }
}