{
    "value0": {
        "pulsation": 8.258999824523926,
        "dampingRatio": 0.15399999916553498
    }
}