{
    "value0": {
        "pulsation": 18.94700050354004,
        "dampingRatio": 0.15399999916553498
    }
}