{
    "value0": {
        "pulsation": 16.750999450683595,
        "dampingRatio": 0.12200000137090683
    }
}