{
    "value0": {
        "pulsation": 4.4720001220703129,
        "dampingRatio": 0.33500000834465029
    }
}