{
    "value0": {
        "bEnabled": false,
        "bFixResiduals": false,
        "decay": 20.0,
        "threshold": 0.2329999953508377,
        "minAlpha": 0.1120000034570694
    }
}