{
    "value0": {
        "cereal_class_version": 0,
        "bEnabled": true,
        "bFixResiduals": true,
        "decay": 1.4149999618530274,
        "threshold": 0.20499999821186067,
        "minAlpha": 0.1289999932050705
    }
}