{
    "value0": {
        "noiseFrequency": 0.1340000033378601,
        "minStrength": -1.0,
        "maxStrength": 2.0,
        "speed": 0.30399999022483828
    }
}