{
    "value0": {
        "cereal_class_version": 0,
        "noiseFrequency": 0.3190000057220459,
        "minStrength": 0.0,
        "maxStrength": 0.0,
        "speed": 0.30399999022483828
    }
}