{
    "value0": {
        "bAlphaTrail": true,
        "bFixResiduals": false,
        "alphaTrailDecay": 0.0,
        "threshold": 0.20499999821186067,
        "minAlpha": 0.1289999932050705
    }
}