{
    "value0": {
        "noiseFrequency": 0.3190000057220459,
        "minStrength": -0.04800000041723251,
        "maxStrength": 0.9679999947547913,
        "speed": 0.30399999022483828
    }
}