{
    "m_physicsSettings": {
        "m_stiffness": 20.0,
        "m_damping": 3.0
    },
    "m_visualSettings": {
        "m_bAlphaTrail": true,
        "m_alphaTrailDecay": 51.58399963378906,
        "m_bgColor.r": 0.0,
        "m_bgColor.g": 0.0,
        "m_bgColor.b": 0.0
    },
    "m_windSettings": {
        "m_noiseFrequency": 0.3190000057220459,
        "m_minStrength": -0.04800000041723251,
        "m_maxStrength": 0.9679999947547913,
        "m_speed": 0.30399999022483828,
        "m_directionAngle": 2.8489999771118166,
        "m_direction.x": -0.9559999704360962,
        "m_direction.y": 0.2919999957084656
    }
}